1001,001,1,1 Test Court   Test Street   Cork,1,1
1002,002,1,2 Test Court   Test Street   Cork,1,1
1003,003,1,3 Test Court   Test Street   Cork,1,1
1004,004,1,4 Test Court   Test Street   Cork,1,1
1005,005,1,5 Test Court   Test Street   Cork,1,1
1006,006,1,6 Test Court   Test Street   Cork,1,1
1007,007,1,7 Test Court   Test Street   Cork,1,1
1008,008,1,8 Test Court   Test Street   Cork,1,1
1009,009,1,9 Test Court   Test Street   Cork,1,1
1010,010,1,10 Test Court   Test Street   Cork,1,1
1011,011,1,11 Test Court   Test Street   Cork,1,1
1012,012,1,12 Test Court   Test Street   Cork,1,1
1013,013,1,13 Test Court   Test Street   Cork,1,1
1014,014,1,14 Test Court   Test Street   Cork,1,1
1015,015,1,15 Test Court   Test Street   Cork,1,1
1016,016,1,16 Test Court   Test Street   Cork,1,1
1017,017,1,17 Test Court   Test Street   Cork,1,1
1018,018,1,18 Test Court   Test Street   Cork,1,1
1019,019,1,19 Test Court   Test Street   Cork,1,1
1020,020,1,20 Test Court   Test Street   Cork,1,1
1021,021,1,21 Test Court   Test Street   Cork,1,1
1022,022,1,22 Test Court   Test Street   Cork,1,1
1023,023,1,23 Test Court   Test Street   Cork,1,1
1024,024,1,24 Test Court   Test Street   Cork,1,1
1025,025,1,25 Test Court   Test Street   Cork,1,1
1026,026,1,26 Test Court   Test Street   Cork,1,1
1027,027,1,27 Test Court   Test Street   Cork,1,1
1028,028,1,28 Test Court   Test Street   Cork,1,1
1029,029,1,29 Test Court   Test Street   Cork,1,1
1030,030,1,30 Test Court   Test Street   Cork,1,1
1031,031,1,31 Test Court   Test Street   Cork,1,1
1032,032,1,32 Test Court   Test Street   Cork,1,1
1033,033,1,33 Test Court   Test Street   Cork,1,1
1034,034,1,34 Test Court   Test Street   Cork,1,1
1035,035,1,35 Test Court   Test Street   Cork,1,1
1036,036,1,36 Test Court   Test Street   Cork,1,1
1037,037,1,37 Test Court   Test Street   Cork,1,1
1038,038,1,38 Test Court   Test Street   Cork,1,1
1039,039,1,39 Test Court   Test Street   Cork,1,1
1040,040,1,40 Test Court   Test Street   Cork,1,1
1041,041,1,41 Test Court   Test Street   Cork,1,1
1042,042,1,42 Test Court   Test Street   Cork,1,1
1043,043,1,43 Test Court   Test Street   Cork,1,1
1044,044,1,44 Test Court   Test Street   Cork,1,1
1045,045,1,45 Test Court   Test Street   Cork,1,1
1046,046,1,46 Test Court   Test Street   Cork,1,1
1047,047,1,47 Test Court   Test Street   Cork,1,1
1048,048,1,48 Test Court   Test Street   Cork,1,1
1049,049,1,49 Test Court   Test Street   Cork,1,1
1050,050,1,50 Test Court   Test Street   Cork,1,1
1051,051,1,51 Test Court   Test Street   Cork,1,1
1052,052,1,52 Test Court   Test Street   Cork,1,1
1053,053,1,53 Test Court   Test Street   Cork,1,1
1054,054,1,54 Test Court   Test Street   Cork,1,1
1055,055,1,55 Test Court   Test Street   Cork,1,1
1056,056,1,56 Test Court   Test Street   Cork,1,1
1057,057,1,57 Test Court   Test Street   Cork,1,1
1058,058,1,58 Test Court   Test Street   Cork,1,1
1059,059,1,59 Test Court   Test Street   Cork,1,1
1060,060,1,60 Test Court   Test Street   Cork,1,1
1061,061,1,61 Test Court   Test Street   Cork,1,1
1062,062,1,62 Test Court   Test Street   Cork,1,1
1063,063,1,63 Test Court   Test Street   Cork,1,1
1064,064,1,64 Test Court   Test Street   Cork,1,1
1065,065,1,65 Test Court   Test Street   Cork,1,1
1066,066,1,66 Test Court   Test Street   Cork,1,1
1067,067,1,67 Test Court   Test Street   Cork,1,1
1068,068,1,68 Test Court   Test Street   Cork,1,1
1069,069,1,69 Test Court   Test Street   Cork,1,1
1070,070,1,70 Test Court   Test Street   Cork,1,1
1071,071,1,71 Test Court   Test Street   Cork,1,1
1072,072,1,72 Test Court   Test Street   Cork,1,1
1073,073,1,73 Test Court   Test Street   Cork,1,1
1074,074,1,74 Test Court   Test Street   Cork,1,1
1075,075,1,75 Test Court   Test Street   Cork,1,1
1076,076,1,76 Test Court   Test Street   Cork,1,1
1077,077,1,77 Test Court   Test Street   Cork,1,1
1078,078,1,78 Test Court   Test Street   Cork,1,1
1079,079,1,79 Test Court   Test Street   Cork,1,1
1080,080,1,80 Test Court   Test Street   Cork,1,1
1081,081,1,81 Test Court   Test Street   Cork,1,1
1082,082,1,82 Test Court   Test Street   Cork,1,1
1083,083,1,83 Test Court   Test Street   Cork,1,1
1084,084,1,84 Test Court   Test Street   Cork,1,1
1085,085,1,85 Test Court   Test Street   Cork,1,1
1086,086,1,86 Test Court   Test Street   Cork,1,1
1087,087,1,87 Test Court   Test Street   Cork,1,1
1088,088,1,88 Test Court   Test Street   Cork,1,1
1089,089,1,89 Test Court   Test Street   Cork,1,1
1090,090,1,90 Test Court   Test Street   Cork,1,1
1091,091,1,91 Test Court   Test Street   Cork,1,1
1092,092,1,92 Test Court   Test Street   Cork,1,1
1093,093,1,93 Test Court   Test Street   Cork,1,1
1094,094,1,94 Test Court   Test Street   Cork,1,1
1095,095,1,95 Test Court   Test Street   Cork,1,1
1096,096,1,96 Test Court   Test Street   Cork,1,1
1097,097,1,97 Test Court   Test Street   Cork,1,1
1098,098,1,98 Test Court   Test Street   Cork,1,1
1099,099,1,99 Test Court   Test Street   Cork,1,1
1100,100,1,100 Test Court   Test Street   Cork,1,1
1101,101,1,101 Test Court   Test Street   Cork,2,1
1102,102,1,102 Test Court   Test Street   Cork,2,1
1103,103,1,103 Test Court   Test Street   Cork,2,1
1104,104,1,104 Test Court   Test Street   Cork,2,1
1105,105,1,105 Test Court   Test Street   Cork,2,1
1106,106,1,106 Test Court   Test Street   Cork,2,1
1107,107,1,107 Test Court   Test Street   Cork,2,1
1108,108,1,108 Test Court   Test Street   Cork,2,1
1109,109,1,109 Test Court   Test Street   Cork,2,1
1110,110,1,110 Test Court   Test Street   Cork,2,1
1111,111,1,111 Test Court   Test Street   Cork,2,1
1112,112,1,112 Test Court   Test Street   Cork,2,1
1113,113,1,113 Test Court   Test Street   Cork,2,1
1114,114,1,114 Test Court   Test Street   Cork,2,1
1115,115,1,115 Test Court   Test Street   Cork,2,1
1116,116,1,116 Test Court   Test Street   Cork,2,1
1117,117,1,117 Test Court   Test Street   Cork,2,1
1118,118,1,118 Test Court   Test Street   Cork,2,1
1119,119,1,119 Test Court   Test Street   Cork,2,1
1120,120,1,120 Test Court   Test Street   Cork,2,1
1121,121,1,121 Test Court   Test Street   Cork,2,1
1122,122,1,122 Test Court   Test Street   Cork,2,1
1123,123,1,123 Test Court   Test Street   Cork,2,1
1124,124,1,124 Test Court   Test Street   Cork,2,1
1125,125,1,125 Test Court   Test Street   Cork,2,1
1126,126,1,126 Test Court   Test Street   Cork,2,1
1127,127,1,127 Test Court   Test Street   Cork,2,1
1128,128,1,128 Test Court   Test Street   Cork,2,1
1129,129,1,129 Test Court   Test Street   Cork,2,1
1130,130,1,130 Test Court   Test Street   Cork,2,1
1131,131,1,131 Test Court   Test Street   Cork,2,1
1132,132,1,132 Test Court   Test Street   Cork,2,1
1133,133,1,133 Test Court   Test Street   Cork,2,1
1134,134,1,134 Test Court   Test Street   Cork,2,1
1135,135,1,135 Test Court   Test Street   Cork,2,1
1136,136,1,136 Test Court   Test Street   Cork,2,1
1137,137,1,137 Test Court   Test Street   Cork,2,1
1138,138,1,138 Test Court   Test Street   Cork,2,1
1139,139,1,139 Test Court   Test Street   Cork,2,1
1140,140,1,140 Test Court   Test Street   Cork,2,1
1141,141,1,141 Test Court   Test Street   Cork,2,1
1142,142,1,142 Test Court   Test Street   Cork,2,1
1143,143,1,143 Test Court   Test Street   Cork,2,1
1144,144,1,144 Test Court   Test Street   Cork,2,1
1145,145,1,145 Test Court   Test Street   Cork,2,1
1146,146,1,146 Test Court   Test Street   Cork,2,1
1147,147,1,147 Test Court   Test Street   Cork,2,1
1148,148,1,148 Test Court   Test Street   Cork,2,1
1149,149,1,149 Test Court   Test Street   Cork,2,1
1150,150,1,150 Test Court   Test Street   Cork,2,1
1151,151,1,151 Test Court   Test Street   Cork,2,1
1152,152,1,152 Test Court   Test Street   Cork,2,1
1153,153,1,153 Test Court   Test Street   Cork,2,1
1154,154,1,154 Test Court   Test Street   Cork,2,1
1155,155,1,155 Test Court   Test Street   Cork,2,1
1156,156,1,156 Test Court   Test Street   Cork,2,1
1157,157,1,157 Test Court   Test Street   Cork,2,1
1158,158,1,158 Test Court   Test Street   Cork,2,1
1159,159,1,159 Test Court   Test Street   Cork,2,1
1160,160,1,160 Test Court   Test Street   Cork,2,1
1161,161,1,161 Test Court   Test Street   Cork,2,1
1162,162,1,162 Test Court   Test Street   Cork,2,1
1163,163,1,163 Test Court   Test Street   Cork,2,1
1164,164,1,164 Test Court   Test Street   Cork,2,1
1165,165,1,165 Test Court   Test Street   Cork,2,1
1166,166,1,166 Test Court   Test Street   Cork,2,1
1167,167,1,167 Test Court   Test Street   Cork,2,1
1168,168,1,168 Test Court   Test Street   Cork,2,1
1169,169,1,169 Test Court   Test Street   Cork,2,1
1170,170,1,170 Test Court   Test Street   Cork,2,1
1171,171,1,171 Test Court   Test Street   Cork,2,1
1172,172,1,172 Test Court   Test Street   Cork,2,1
1173,173,1,173 Test Court   Test Street   Cork,2,1
1174,174,1,174 Test Court   Test Street   Cork,2,1
1175,175,1,175 Test Court   Test Street   Cork,2,1
1176,176,1,176 Test Court   Test Street   Cork,2,1
1177,177,1,177 Test Court   Test Street   Cork,2,1
1178,178,1,178 Test Court   Test Street   Cork,2,1
1179,179,1,179 Test Court   Test Street   Cork,2,1
1180,180,1,180 Test Court   Test Street   Cork,2,1
1181,181,1,181 Test Court   Test Street   Cork,2,1
1182,182,1,182 Test Court   Test Street   Cork,2,1
1183,183,1,183 Test Court   Test Street   Cork,2,1
1184,184,1,184 Test Court   Test Street   Cork,2,1
1185,185,1,185 Test Court   Test Street   Cork,2,1
1186,186,1,186 Test Court   Test Street   Cork,2,1
1187,187,1,187 Test Court   Test Street   Cork,2,1
1188,188,1,188 Test Court   Test Street   Cork,2,1
1189,189,1,189 Test Court   Test Street   Cork,2,1
1190,190,1,190 Test Court   Test Street   Cork,2,1
1191,191,1,191 Test Court   Test Street   Cork,2,1
1192,192,1,192 Test Court   Test Street   Cork,2,1
1193,193,1,193 Test Court   Test Street   Cork,2,1
1194,194,1,194 Test Court   Test Street   Cork,2,1
1195,195,1,195 Test Court   Test Street   Cork,2,1
1196,196,1,196 Test Court   Test Street   Cork,2,1
1197,197,1,197 Test Court   Test Street   Cork,2,1
1198,198,1,198 Test Court   Test Street   Cork,2,1
1199,199,1,199 Test Court   Test Street   Cork,2,1
1200,200,1,200 Test Court   Test Street   Cork,2,1
1201,201,1,201 Test Court   Test Street   Cork,3,1
1202,202,1,202 Test Court   Test Street   Cork,3,1
1203,203,1,203 Test Court   Test Street   Cork,3,1
1204,204,1,204 Test Court   Test Street   Cork,3,1
1205,205,1,205 Test Court   Test Street   Cork,3,1
1206,206,1,206 Test Court   Test Street   Cork,3,1
1207,207,1,207 Test Court   Test Street   Cork,3,1
1208,208,1,208 Test Court   Test Street   Cork,3,1
1209,209,1,209 Test Court   Test Street   Cork,3,1
1210,210,1,210 Test Court   Test Street   Cork,3,1
1211,211,1,211 Test Court   Test Street   Cork,3,1
1212,212,1,212 Test Court   Test Street   Cork,3,1
1213,213,1,213 Test Court   Test Street   Cork,3,1
1214,214,1,214 Test Court   Test Street   Cork,3,1
1215,215,1,215 Test Court   Test Street   Cork,3,1
1216,216,1,216 Test Court   Test Street   Cork,3,1
1217,217,1,217 Test Court   Test Street   Cork,3,1
1218,218,1,218 Test Court   Test Street   Cork,3,1
1219,219,1,219 Test Court   Test Street   Cork,3,1
1220,220,1,220 Test Court   Test Street   Cork,3,1
1221,221,1,221 Test Court   Test Street   Cork,3,1
1222,222,1,222 Test Court   Test Street   Cork,3,1
1223,223,1,223 Test Court   Test Street   Cork,3,1
1224,224,1,224 Test Court   Test Street   Cork,3,1
1225,225,1,225 Test Court   Test Street   Cork,3,1
1226,226,1,226 Test Court   Test Street   Cork,3,1
1227,227,1,227 Test Court   Test Street   Cork,3,1
1228,228,1,228 Test Court   Test Street   Cork,3,1
1229,229,1,229 Test Court   Test Street   Cork,3,1
1230,230,1,230 Test Court   Test Street   Cork,3,1
1231,231,1,231 Test Court   Test Street   Cork,3,1
1232,232,1,232 Test Court   Test Street   Cork,3,1
1233,233,1,233 Test Court   Test Street   Cork,3,1
1234,234,1,234 Test Court   Test Street   Cork,3,1
1235,235,1,235 Test Court   Test Street   Cork,3,1
1236,236,1,236 Test Court   Test Street   Cork,3,1
1237,237,1,237 Test Court   Test Street   Cork,3,1
1238,238,1,238 Test Court   Test Street   Cork,3,1
1239,239,1,239 Test Court   Test Street   Cork,3,1
1240,240,1,240 Test Court   Test Street   Cork,3,1
1241,241,1,241 Test Court   Test Street   Cork,3,1
1242,242,1,242 Test Court   Test Street   Cork,3,1
1243,243,1,243 Test Court   Test Street   Cork,3,1
1244,244,1,244 Test Court   Test Street   Cork,3,1
1245,245,1,245 Test Court   Test Street   Cork,3,1
1246,246,1,246 Test Court   Test Street   Cork,3,1
1247,247,1,247 Test Court   Test Street   Cork,3,1
1248,248,1,248 Test Court   Test Street   Cork,3,1
1249,249,1,249 Test Court   Test Street   Cork,3,1
1250,250,1,250 Test Court   Test Street   Cork,3,1
1251,251,1,251 Test Court   Test Street   Cork,3,1
1252,252,1,252 Test Court   Test Street   Cork,3,1
1253,253,1,253 Test Court   Test Street   Cork,3,1
1254,254,1,254 Test Court   Test Street   Cork,3,1
1255,255,1,255 Test Court   Test Street   Cork,3,1
1256,256,1,256 Test Court   Test Street   Cork,3,1
1257,257,1,257 Test Court   Test Street   Cork,3,1
1258,258,1,258 Test Court   Test Street   Cork,3,1
1259,259,1,259 Test Court   Test Street   Cork,3,1
1260,260,1,260 Test Court   Test Street   Cork,3,1
1261,261,1,261 Test Court   Test Street   Cork,3,1
1262,262,1,262 Test Court   Test Street   Cork,3,1
1263,263,1,263 Test Court   Test Street   Cork,3,1
1264,264,1,264 Test Court   Test Street   Cork,3,1
1265,265,1,265 Test Court   Test Street   Cork,3,1
1266,266,1,266 Test Court   Test Street   Cork,3,1
1267,267,1,267 Test Court   Test Street   Cork,3,1
1268,268,1,268 Test Court   Test Street   Cork,3,1
1269,269,1,269 Test Court   Test Street   Cork,3,1
1270,270,1,270 Test Court   Test Street   Cork,3,1
1271,271,1,271 Test Court   Test Street   Cork,3,1
1272,272,1,272 Test Court   Test Street   Cork,3,1
1273,273,1,273 Test Court   Test Street   Cork,3,1
1274,274,1,274 Test Court   Test Street   Cork,3,1
1275,275,1,275 Test Court   Test Street   Cork,3,1
1276,276,1,276 Test Court   Test Street   Cork,3,1
1277,277,1,277 Test Court   Test Street   Cork,3,1
1278,278,1,278 Test Court   Test Street   Cork,3,1
1279,279,1,279 Test Court   Test Street   Cork,3,1
1280,280,1,280 Test Court   Test Street   Cork,3,1
1281,281,1,281 Test Court   Test Street   Cork,3,1
1282,282,1,282 Test Court   Test Street   Cork,3,1
1283,283,1,283 Test Court   Test Street   Cork,3,1
1284,284,1,284 Test Court   Test Street   Cork,3,1
1285,285,1,285 Test Court   Test Street   Cork,3,1
1286,286,1,286 Test Court   Test Street   Cork,3,1
1287,287,1,287 Test Court   Test Street   Cork,3,1
1288,288,1,288 Test Court   Test Street   Cork,3,1
1289,289,1,289 Test Court   Test Street   Cork,3,1
1290,290,1,290 Test Court   Test Street   Cork,3,1
1291,291,1,291 Test Court   Test Street   Cork,3,1
1292,292,1,292 Test Court   Test Street   Cork,3,1
1293,293,1,293 Test Court   Test Street   Cork,3,1
1294,294,1,294 Test Court   Test Street   Cork,3,1
1295,295,1,295 Test Court   Test Street   Cork,3,1
1296,296,1,296 Test Court   Test Street   Cork,3,1
1297,297,1,297 Test Court   Test Street   Cork,3,1
1298,298,1,298 Test Court   Test Street   Cork,3,1
1299,299,1,299 Test Court   Test Street   Cork,3,1
1300,300,1,300 Test Court   Test Street   Cork,3,1
1301,301,1,301 Test Court   Test Street   Cork,4,1
1302,302,1,302 Test Court   Test Street   Cork,4,1
1303,303,1,303 Test Court   Test Street   Cork,4,1
1304,304,1,304 Test Court   Test Street   Cork,4,1
1305,305,1,305 Test Court   Test Street   Cork,4,1
1306,306,1,306 Test Court   Test Street   Cork,4,1
1307,307,1,307 Test Court   Test Street   Cork,4,1
1308,308,1,308 Test Court   Test Street   Cork,4,1
1309,309,1,309 Test Court   Test Street   Cork,4,1
1310,310,1,310 Test Court   Test Street   Cork,4,1
1311,311,1,311 Test Court   Test Street   Cork,4,1
1312,312,1,312 Test Court   Test Street   Cork,4,1
1313,313,1,313 Test Court   Test Street   Cork,4,1
1314,314,1,314 Test Court   Test Street   Cork,4,1
1315,315,1,315 Test Court   Test Street   Cork,4,1
1316,316,1,316 Test Court   Test Street   Cork,4,1
1317,317,1,317 Test Court   Test Street   Cork,4,1
1318,318,1,318 Test Court   Test Street   Cork,4,1
1319,319,1,319 Test Court   Test Street   Cork,4,1
1320,320,1,320 Test Court   Test Street   Cork,4,1
1321,321,1,321 Test Court   Test Street   Cork,4,1
1322,322,1,322 Test Court   Test Street   Cork,4,1
1323,323,1,323 Test Court   Test Street   Cork,4,1
1324,324,1,324 Test Court   Test Street   Cork,4,1
1325,325,1,325 Test Court   Test Street   Cork,4,1
1326,326,1,326 Test Court   Test Street   Cork,4,1
1327,327,1,327 Test Court   Test Street   Cork,4,1
1328,328,1,328 Test Court   Test Street   Cork,4,1
1329,329,1,329 Test Court   Test Street   Cork,4,1
1330,330,1,330 Test Court   Test Street   Cork,4,1
1331,331,1,331 Test Court   Test Street   Cork,4,1
1332,332,1,332 Test Court   Test Street   Cork,4,1
1333,333,1,333 Test Court   Test Street   Cork,4,1
1334,334,1,334 Test Court   Test Street   Cork,4,1
1335,335,1,335 Test Court   Test Street   Cork,4,1
1336,336,1,336 Test Court   Test Street   Cork,4,1
1337,337,1,337 Test Court   Test Street   Cork,4,1
1338,338,1,338 Test Court   Test Street   Cork,4,1
1339,339,1,339 Test Court   Test Street   Cork,4,1
1340,340,1,340 Test Court   Test Street   Cork,4,1
1341,341,1,341 Test Court   Test Street   Cork,4,1
1342,342,1,342 Test Court   Test Street   Cork,4,1
1343,343,1,343 Test Court   Test Street   Cork,4,1
1344,344,1,344 Test Court   Test Street   Cork,4,1
1345,345,1,345 Test Court   Test Street   Cork,4,1
1346,346,1,346 Test Court   Test Street   Cork,4,1
1347,347,1,347 Test Court   Test Street   Cork,4,1
1348,348,1,348 Test Court   Test Street   Cork,4,1
1349,349,1,349 Test Court   Test Street   Cork,4,1
1350,350,1,350 Test Court   Test Street   Cork,4,1
1351,351,1,351 Test Court   Test Street   Cork,4,1
1352,352,1,352 Test Court   Test Street   Cork,4,1
1353,353,1,353 Test Court   Test Street   Cork,4,1
1354,354,1,354 Test Court   Test Street   Cork,4,1
1355,355,1,355 Test Court   Test Street   Cork,4,1
1356,356,1,356 Test Court   Test Street   Cork,4,1
1357,357,1,357 Test Court   Test Street   Cork,4,1
1358,358,1,358 Test Court   Test Street   Cork,4,1
1359,359,1,359 Test Court   Test Street   Cork,4,1
1360,360,1,360 Test Court   Test Street   Cork,4,1
1361,361,1,361 Test Court   Test Street   Cork,4,1
1362,362,1,362 Test Court   Test Street   Cork,4,1
1363,363,1,363 Test Court   Test Street   Cork,4,1
1364,364,1,364 Test Court   Test Street   Cork,4,1
1365,365,1,365 Test Court   Test Street   Cork,4,1
1366,366,1,366 Test Court   Test Street   Cork,4,1
1367,367,1,367 Test Court   Test Street   Cork,4,1
1368,368,1,368 Test Court   Test Street   Cork,4,1
1369,369,1,369 Test Court   Test Street   Cork,4,1
1370,370,1,370 Test Court   Test Street   Cork,4,1
1371,371,1,371 Test Court   Test Street   Cork,4,1
1372,372,1,372 Test Court   Test Street   Cork,4,1
1373,373,1,373 Test Court   Test Street   Cork,4,1
1374,374,1,374 Test Court   Test Street   Cork,4,1
1375,375,1,375 Test Court   Test Street   Cork,4,1
1376,376,1,376 Test Court   Test Street   Cork,4,1
1377,377,1,377 Test Court   Test Street   Cork,4,1
1378,378,1,378 Test Court   Test Street   Cork,4,1
1379,379,1,379 Test Court   Test Street   Cork,4,1
1380,380,1,380 Test Court   Test Street   Cork,4,1
1381,381,1,381 Test Court   Test Street   Cork,4,1
1382,382,1,382 Test Court   Test Street   Cork,4,1
1383,383,1,383 Test Court   Test Street   Cork,4,1
1384,384,1,384 Test Court   Test Street   Cork,4,1
1385,385,1,385 Test Court   Test Street   Cork,4,1
1386,386,1,386 Test Court   Test Street   Cork,4,1
1387,387,1,387 Test Court   Test Street   Cork,4,1
1388,388,1,388 Test Court   Test Street   Cork,4,1
1389,389,1,389 Test Court   Test Street   Cork,4,1
1390,390,1,390 Test Court   Test Street   Cork,4,1
1391,391,1,391 Test Court   Test Street   Cork,4,1
1392,392,1,392 Test Court   Test Street   Cork,4,1
1393,393,1,393 Test Court   Test Street   Cork,4,1
1394,394,1,394 Test Court   Test Street   Cork,4,1
1395,395,1,395 Test Court   Test Street   Cork,4,1
1396,396,1,396 Test Court   Test Street   Cork,4,1
1397,397,1,397 Test Court   Test Street   Cork,4,1
1398,398,1,398 Test Court   Test Street   Cork,4,1
1399,399,1,399 Test Court   Test Street   Cork,4,1
1400,400,1,400 Test Court   Test Street   Cork,4,1
1401,401,1,401 Test Court   Test Street   Cork,5,1
1402,402,1,402 Test Court   Test Street   Cork,5,1
1403,403,1,403 Test Court   Test Street   Cork,5,1
1404,404,1,404 Test Court   Test Street   Cork,5,1
1405,405,1,405 Test Court   Test Street   Cork,5,1
1406,406,1,406 Test Court   Test Street   Cork,5,1
1407,407,1,407 Test Court   Test Street   Cork,5,1
1408,408,1,408 Test Court   Test Street   Cork,5,1
1409,409,1,409 Test Court   Test Street   Cork,5,1
1410,410,1,410 Test Court   Test Street   Cork,5,1
1411,411,1,411 Test Court   Test Street   Cork,5,1
1412,412,1,412 Test Court   Test Street   Cork,5,1
1413,413,1,413 Test Court   Test Street   Cork,5,1
1414,414,1,414 Test Court   Test Street   Cork,5,1
1415,415,1,415 Test Court   Test Street   Cork,5,1
1416,416,1,416 Test Court   Test Street   Cork,5,1
1417,417,1,417 Test Court   Test Street   Cork,5,1
1418,418,1,418 Test Court   Test Street   Cork,5,1
1419,419,1,419 Test Court   Test Street   Cork,5,1
1420,420,1,420 Test Court   Test Street   Cork,5,1
1421,421,1,421 Test Court   Test Street   Cork,5,1
1422,422,1,422 Test Court   Test Street   Cork,5,1
1423,423,1,423 Test Court   Test Street   Cork,5,1
1424,424,1,424 Test Court   Test Street   Cork,5,1
1425,425,1,425 Test Court   Test Street   Cork,5,1
1426,426,1,426 Test Court   Test Street   Cork,5,1
1427,427,1,427 Test Court   Test Street   Cork,5,1
1428,428,1,428 Test Court   Test Street   Cork,5,1
1429,429,1,429 Test Court   Test Street   Cork,5,1
1430,430,1,430 Test Court   Test Street   Cork,5,1
1431,431,1,431 Test Court   Test Street   Cork,5,1
1432,432,1,432 Test Court   Test Street   Cork,5,1
1433,433,1,433 Test Court   Test Street   Cork,5,1
1434,434,1,434 Test Court   Test Street   Cork,5,1
1435,435,1,435 Test Court   Test Street   Cork,5,1
1436,436,1,436 Test Court   Test Street   Cork,5,1
1437,437,1,437 Test Court   Test Street   Cork,5,1
1438,438,1,438 Test Court   Test Street   Cork,5,1
1439,439,1,439 Test Court   Test Street   Cork,5,1
1440,440,1,440 Test Court   Test Street   Cork,5,1
1441,441,1,441 Test Court   Test Street   Cork,5,1
1442,442,1,442 Test Court   Test Street   Cork,5,1
1443,443,1,443 Test Court   Test Street   Cork,5,1
1444,444,1,444 Test Court   Test Street   Cork,5,1
1445,445,1,445 Test Court   Test Street   Cork,5,1
1446,446,1,446 Test Court   Test Street   Cork,5,1
1447,447,1,447 Test Court   Test Street   Cork,5,1
1448,448,1,448 Test Court   Test Street   Cork,5,1
1449,449,1,449 Test Court   Test Street   Cork,5,1
1450,450,1,450 Test Court   Test Street   Cork,5,1
1451,451,1,451 Test Court   Test Street   Cork,5,1
1452,452,1,452 Test Court   Test Street   Cork,5,1
1453,453,1,453 Test Court   Test Street   Cork,5,1
1454,454,1,454 Test Court   Test Street   Cork,5,1
1455,455,1,455 Test Court   Test Street   Cork,5,1
1456,456,1,456 Test Court   Test Street   Cork,5,1
1457,457,1,457 Test Court   Test Street   Cork,5,1
1458,458,1,458 Test Court   Test Street   Cork,5,1
1459,459,1,459 Test Court   Test Street   Cork,5,1
1460,460,1,460 Test Court   Test Street   Cork,5,1
1461,461,1,461 Test Court   Test Street   Cork,5,1
1462,462,1,462 Test Court   Test Street   Cork,5,1
1463,463,1,463 Test Court   Test Street   Cork,5,1
1464,464,1,464 Test Court   Test Street   Cork,5,1
1465,465,1,465 Test Court   Test Street   Cork,5,1
1466,466,1,466 Test Court   Test Street   Cork,5,1
1467,467,1,467 Test Court   Test Street   Cork,5,1
1468,468,1,468 Test Court   Test Street   Cork,5,1
1469,469,1,469 Test Court   Test Street   Cork,5,1
1470,470,1,470 Test Court   Test Street   Cork,5,1
1471,471,1,471 Test Court   Test Street   Cork,5,1
1472,472,1,472 Test Court   Test Street   Cork,5,1
1473,473,1,473 Test Court   Test Street   Cork,5,1
1474,474,1,474 Test Court   Test Street   Cork,5,1
1475,475,1,475 Test Court   Test Street   Cork,5,1
1476,476,1,476 Test Court   Test Street   Cork,5,1
1477,477,1,477 Test Court   Test Street   Cork,5,1
1478,478,1,478 Test Court   Test Street   Cork,5,1
1479,479,1,479 Test Court   Test Street   Cork,5,1
1480,480,1,480 Test Court   Test Street   Cork,5,1
1481,481,1,481 Test Court   Test Street   Cork,5,1
1482,482,1,482 Test Court   Test Street   Cork,5,1
1483,483,1,483 Test Court   Test Street   Cork,5,1
1484,484,1,484 Test Court   Test Street   Cork,5,1
1485,485,1,485 Test Court   Test Street   Cork,5,1
1486,486,1,486 Test Court   Test Street   Cork,5,1
1487,487,1,487 Test Court   Test Street   Cork,5,1
1488,488,1,488 Test Court   Test Street   Cork,5,1
1489,489,1,489 Test Court   Test Street   Cork,5,1
1490,490,1,490 Test Court   Test Street   Cork,5,1
1491,491,1,491 Test Court   Test Street   Cork,5,1
1492,492,1,492 Test Court   Test Street   Cork,5,1
1493,493,1,493 Test Court   Test Street   Cork,5,1
1494,494,1,494 Test Court   Test Street   Cork,5,1
1495,495,1,495 Test Court   Test Street   Cork,5,1
1496,496,1,496 Test Court   Test Street   Cork,5,1
1497,497,1,497 Test Court   Test Street   Cork,5,1
1498,498,1,498 Test Court   Test Street   Cork,5,1
1499,499,1,499 Test Court   Test Street   Cork,5,1
1500,500,1,500 Test Court   Test Street   Cork,5,1
